DORK,URL,NUMBER OF RESULTS
""".mlab.com password""",https://github.com/search?q=%22grammarly.com%22+%22.mlab.com+password%22&s=indexed&type=Code&o=desc,0
"""access_key""",https://github.com/search?q=%22grammarly.com%22+%22access_key%22&s=indexed&type=Code&o=desc,403
"""access_token""",https://github.com/search?q=%22grammarly.com%22+%22access_token%22&s=indexed&type=Code&o=desc,48
"""algolia_admin_key""",https://github.com/search?q=%22grammarly.com%22+%22algolia_admin_key%22&s=indexed&type=Code&o=desc,0
"""alias_pass""",https://github.com/search?q=%22grammarly.com%22+%22alias_pass%22&s=indexed&type=Code&o=desc,0
"""amazon_secret_access_key""",https://github.com/search?q=%22grammarly.com%22+%22amazon_secret_access_key%22&s=indexed&type=Code&o=desc,0
"""amazonaws""",https://github.com/search?q=%22grammarly.com%22+%22amazonaws%22&s=indexed&type=Code&o=desc,3234
"""ansible_vault_password""",https://github.com/search?q=%22grammarly.com%22+%22ansible_vault_password%22&s=indexed&type=Code&o=desc,0
"""aos_key""",https://github.com/search?q=%22grammarly.com%22+%22aos_key%22&s=indexed&type=Code&o=desc,0
"""api_key_sid""",https://github.com/search?q=%22grammarly.com%22+%22api_key_sid%22&s=indexed&type=Code&o=desc,0
"""api_key""",https://github.com/search?q=%22grammarly.com%22+%22api_key%22&s=indexed&type=Code&o=desc,237
"""api_secret""",https://github.com/search?q=%22grammarly.com%22+%22api_secret%22&s=indexed&type=Code&o=desc,3
"""api.googlemaps AIza""",https://github.com/search?q=%22grammarly.com%22+%22api.googlemaps+AIza%22&s=indexed&type=Code&o=desc,0
"""apidocs""",https://github.com/search?q=%22grammarly.com%22+%22apidocs%22&s=indexed&type=Code&o=desc,14
"""apikey""",https://github.com/search?q=%22grammarly.com%22+%22apikey%22&s=indexed&type=Code&o=desc,160
"""apiSecret""",https://github.com/search?q=%22grammarly.com%22+%22apiSecret%22&s=indexed&type=Code&o=desc,3
"""app_key""",https://github.com/search?q=%22grammarly.com%22+%22app_key%22&s=indexed&type=Code&o=desc,22
"""app_secret""",https://github.com/search?q=%22grammarly.com%22+%22app_secret%22&s=indexed&type=Code&o=desc,1
"""appkey""",https://github.com/search?q=%22grammarly.com%22+%22appkey%22&s=indexed&type=Code&o=desc,12
"""appkeysecret""",https://github.com/search?q=%22grammarly.com%22+%22appkeysecret%22&s=indexed&type=Code&o=desc,0
"""application_key""",https://github.com/search?q=%22grammarly.com%22+%22application_key%22&s=indexed&type=Code&o=desc,0
"""appsecret""",https://github.com/search?q=%22grammarly.com%22+%22appsecret%22&s=indexed&type=Code&o=desc,0
"""appspot""",https://github.com/search?q=%22grammarly.com%22+%22appspot%22&s=indexed&type=Code&o=desc,1102
"""auth_token""",https://github.com/search?q=%22grammarly.com%22+%22auth_token%22&s=indexed&type=Code&o=desc,19
"""auth""",https://github.com/search?q=%22grammarly.com%22+%22auth%22&s=indexed&type=Code&o=desc,1729
"""authorizationToken""",https://github.com/search?q=%22grammarly.com%22+%22authorizationToken%22&s=indexed&type=Code&o=desc,3
"""aws_access_key_id""",https://github.com/search?q=%22grammarly.com%22+%22aws_access_key_id%22&s=indexed&type=Code&o=desc,0
"""aws_access""",https://github.com/search?q=%22grammarly.com%22+%22aws_access%22&s=indexed&type=Code&o=desc,4
"""aws_secret""",https://github.com/search?q=%22grammarly.com%22+%22aws_secret%22&s=indexed&type=Code&o=desc,5
"""aws_token""",https://github.com/search?q=%22grammarly.com%22+%22aws_token%22&s=indexed&type=Code&o=desc,0
"""AWSSecretKey""",https://github.com/search?q=%22grammarly.com%22+%22AWSSecretKey%22&s=indexed&type=Code&o=desc,0
"""b2_app_key""",https://github.com/search?q=%22grammarly.com%22+%22b2_app_key%22&s=indexed&type=Code&o=desc,0
"""bashrc password""",https://github.com/search?q=%22grammarly.com%22+%22bashrc+password%22&s=indexed&type=Code&o=desc,0
"""bintray_gpg_password""",https://github.com/search?q=%22grammarly.com%22+%22bintray_gpg_password%22&s=indexed&type=Code&o=desc,0
"""bintray_key""",https://github.com/search?q=%22grammarly.com%22+%22bintray_key%22&s=indexed&type=Code&o=desc,0
"""bintraykey""",https://github.com/search?q=%22grammarly.com%22+%22bintraykey%22&s=indexed&type=Code&o=desc,0
"""bluemix_api_key""",https://github.com/search?q=%22grammarly.com%22+%22bluemix_api_key%22&s=indexed&type=Code&o=desc,0
"""bluemix_pass""",https://github.com/search?q=%22grammarly.com%22+%22bluemix_pass%22&s=indexed&type=Code&o=desc,0
"""browserstack_access_key""",https://github.com/search?q=%22grammarly.com%22+%22browserstack_access_key%22&s=indexed&type=Code&o=desc,0
"""bucket_password""",https://github.com/search?q=%22grammarly.com%22+%22bucket_password%22&s=indexed&type=Code&o=desc,0
"""bucketeer_aws_access_key_id""",https://github.com/search?q=%22grammarly.com%22+%22bucketeer_aws_access_key_id%22&s=indexed&type=Code&o=desc,0
"""bucketeer_aws_secret_access_key""",https://github.com/search?q=%22grammarly.com%22+%22bucketeer_aws_secret_access_key%22&s=indexed&type=Code&o=desc,0
"""built_branch_deploy_key""",https://github.com/search?q=%22grammarly.com%22+%22built_branch_deploy_key%22&s=indexed&type=Code&o=desc,0
"""bx_password""",https://github.com/search?q=%22grammarly.com%22+%22bx_password%22&s=indexed&type=Code&o=desc,0
"""cache_s3_secret_key""",https://github.com/search?q=%22grammarly.com%22+%22cache_s3_secret_key%22&s=indexed&type=Code&o=desc,0
"""cattle_secret_key""",https://github.com/search?q=%22grammarly.com%22+%22cattle_secret_key%22&s=indexed&type=Code&o=desc,0
"""ci_deploy_password""",https://github.com/search?q=%22grammarly.com%22+%22ci_deploy_password%22&s=indexed&type=Code&o=desc,0
"""client_secret""",https://github.com/search?q=%22grammarly.com%22+%22client_secret%22&s=indexed&type=Code&o=desc,13
"""client_zpk_secret_key""",https://github.com/search?q=%22grammarly.com%22+%22client_zpk_secret_key%22&s=indexed&type=Code&o=desc,0
"""clojars_password""",https://github.com/search?q=%22grammarly.com%22+%22clojars_password%22&s=indexed&type=Code&o=desc,0
"""cloud_watch_aws_access_key""",https://github.com/search?q=%22grammarly.com%22+%22cloud_watch_aws_access_key%22&s=indexed&type=Code&o=desc,0
"""cloudant_password""",https://github.com/search?q=%22grammarly.com%22+%22cloudant_password%22&s=indexed&type=Code&o=desc,0
"""cloudflare_auth_key""",https://github.com/search?q=%22grammarly.com%22+%22cloudflare_auth_key%22&s=indexed&type=Code&o=desc,0
"""codecov_token""",https://github.com/search?q=%22grammarly.com%22+%22codecov_token%22&s=indexed&type=Code&o=desc,0
"""config""",https://github.com/search?q=%22grammarly.com%22+%22config%22&s=indexed&type=Code&o=desc,2355
"""conn.login""",https://github.com/search?q=%22grammarly.com%22+%22conn.login%22&s=indexed&type=Code&o=desc,0
"""consumer_key""",https://github.com/search?q=%22grammarly.com%22+%22consumer_key%22&s=indexed&type=Code&o=desc,2
"""credentials""",https://github.com/search?q=%22grammarly.com%22+%22credentials%22&s=indexed&type=Code&o=desc,398
"""cypress_record_key""",https://github.com/search?q=%22grammarly.com%22+%22cypress_record_key%22&s=indexed&type=Code&o=desc,0
"""database_password""",https://github.com/search?q=%22grammarly.com%22+%22database_password%22&s=indexed&type=Code&o=desc,0
"""datadog_api_key""",https://github.com/search?q=%22grammarly.com%22+%22datadog_api_key%22&s=indexed&type=Code&o=desc,0
"""datadog_app_key""",https://github.com/search?q=%22grammarly.com%22+%22datadog_app_key%22&s=indexed&type=Code&o=desc,0
"""db_password""",https://github.com/search?q=%22grammarly.com%22+%22db_password%22&s=indexed&type=Code&o=desc,2
"""db_username""",https://github.com/search?q=%22grammarly.com%22+%22db_username%22&s=indexed&type=Code&o=desc,1
"""dbpasswd""",https://github.com/search?q=%22grammarly.com%22+%22dbpasswd%22&s=indexed&type=Code&o=desc,0
"""dbpassword""",https://github.com/search?q=%22grammarly.com%22+%22dbpassword%22&s=indexed&type=Code&o=desc,0
"""dbuser""",https://github.com/search?q=%22grammarly.com%22+%22dbuser%22&s=indexed&type=Code&o=desc,0
"""deploy_password""",https://github.com/search?q=%22grammarly.com%22+%22deploy_password%22&s=indexed&type=Code&o=desc,0
"""digitalocean_ssh_key_body""",https://github.com/search?q=%22grammarly.com%22+%22digitalocean_ssh_key_body%22&s=indexed&type=Code&o=desc,0
"""docker_hub_password""",https://github.com/search?q=%22grammarly.com%22+%22docker_hub_password%22&s=indexed&type=Code&o=desc,0
"""docker_key""",https://github.com/search?q=%22grammarly.com%22+%22docker_key%22&s=indexed&type=Code&o=desc,0
"""docker_pass""",https://github.com/search?q=%22grammarly.com%22+%22docker_pass%22&s=indexed&type=Code&o=desc,2
"""docker_passwd""",https://github.com/search?q=%22grammarly.com%22+%22docker_passwd%22&s=indexed&type=Code&o=desc,0
"""docker_password""",https://github.com/search?q=%22grammarly.com%22+%22docker_password%22&s=indexed&type=Code&o=desc,0
"""dockerhub_password""",https://github.com/search?q=%22grammarly.com%22+%22dockerhub_password%22&s=indexed&type=Code&o=desc,0
"""dockerhubpassword""",https://github.com/search?q=%22grammarly.com%22+%22dockerhubpassword%22&s=indexed&type=Code&o=desc,0
"""dotfiles""",https://github.com/search?q=%22grammarly.com%22+%22dotfiles%22&s=indexed&type=Code&o=desc,84
"""droplet_travis_password""",https://github.com/search?q=%22grammarly.com%22+%22droplet_travis_password%22&s=indexed&type=Code&o=desc,0
"""dynamoaccesskeyid""",https://github.com/search?q=%22grammarly.com%22+%22dynamoaccesskeyid%22&s=indexed&type=Code&o=desc,0
"""dynamosecretaccesskey""",https://github.com/search?q=%22grammarly.com%22+%22dynamosecretaccesskey%22&s=indexed&type=Code&o=desc,0
"""elasticsearch_password""",https://github.com/search?q=%22grammarly.com%22+%22elasticsearch_password%22&s=indexed&type=Code&o=desc,0
"""encryption_password""",https://github.com/search?q=%22grammarly.com%22+%22encryption_password%22&s=indexed&type=Code&o=desc,0
"""env.heroku_api_key""",https://github.com/search?q=%22grammarly.com%22+%22env.heroku_api_key%22&s=indexed&type=Code&o=desc,0
"""env.sonatype_password""",https://github.com/search?q=%22grammarly.com%22+%22env.sonatype_password%22&s=indexed&type=Code&o=desc,0
"""eureka.awssecretkey""",https://github.com/search?q=%22grammarly.com%22+%22eureka.awssecretkey%22&s=indexed&type=Code&o=desc,0
"""fabricApiSecret""",https://github.com/search?q=%22grammarly.com%22+%22fabricApiSecret%22&s=indexed&type=Code&o=desc,0
"""fb_secret""",https://github.com/search?q=%22grammarly.com%22+%22fb_secret%22&s=indexed&type=Code&o=desc,0
"""firebase""",https://github.com/search?q=%22grammarly.com%22+%22firebase%22&s=indexed&type=Code&o=desc,250
"""flickr_api_key""",https://github.com/search?q=%22grammarly.com%22+%22flickr_api_key%22&s=indexed&type=Code&o=desc,0
"""fossa_api_key""",https://github.com/search?q=%22grammarly.com%22+%22fossa_api_key%22&s=indexed&type=Code&o=desc,0
"""ftp_password""",https://github.com/search?q=%22grammarly.com%22+%22ftp_password%22&s=indexed&type=Code&o=desc,0
"""gh_api_key""",https://github.com/search?q=%22grammarly.com%22+%22gh_api_key%22&s=indexed&type=Code&o=desc,0
"""gh_token""",https://github.com/search?q=%22grammarly.com%22+%22gh_token%22&s=indexed&type=Code&o=desc,2
"""ghost_api_key""",https://github.com/search?q=%22grammarly.com%22+%22ghost_api_key%22&s=indexed&type=Code&o=desc,0
"""github_api_key""",https://github.com/search?q=%22grammarly.com%22+%22github_api_key%22&s=indexed&type=Code&o=desc,0
"""github_deploy_hb_doc_pass""",https://github.com/search?q=%22grammarly.com%22+%22github_deploy_hb_doc_pass%22&s=indexed&type=Code&o=desc,0
"""github_key""",https://github.com/search?q=%22grammarly.com%22+%22github_key%22&s=indexed&type=Code&o=desc,0
"""github_password""",https://github.com/search?q=%22grammarly.com%22+%22github_password%22&s=indexed&type=Code&o=desc,0
"""github_token""",https://github.com/search?q=%22grammarly.com%22+%22github_token%22&s=indexed&type=Code&o=desc,1
"""gitlab""",https://github.com/search?q=%22grammarly.com%22+%22gitlab%22&s=indexed&type=Code&o=desc,938
"""gmail_password""",https://github.com/search?q=%22grammarly.com%22+%22gmail_password%22&s=indexed&type=Code&o=desc,8
"""gmail_username""",https://github.com/search?q=%22grammarly.com%22+%22gmail_username%22&s=indexed&type=Code&o=desc,0
"""google_maps_api_key""",https://github.com/search?q=%22grammarly.com%22+%22google_maps_api_key%22&s=indexed&type=Code&o=desc,1
"""google_private_key""",https://github.com/search?q=%22grammarly.com%22+%22google_private_key%22&s=indexed&type=Code&o=desc,0
"""gpg_key_name""",https://github.com/search?q=%22grammarly.com%22+%22gpg_key_name%22&s=indexed&type=Code&o=desc,0
"""gpg_passphrase""",https://github.com/search?q=%22grammarly.com%22+%22gpg_passphrase%22&s=indexed&type=Code&o=desc,0
"""herokuapp""",https://github.com/search?q=%22grammarly.com%22+%22herokuapp%22&s=indexed&type=Code&o=desc,1532
"""irc_pass""",https://github.com/search?q=%22grammarly.com%22+%22irc_pass%22&s=indexed&type=Code&o=desc,0
"""JEKYLL_GITHUB_TOKEN""",https://github.com/search?q=%22grammarly.com%22+%22JEKYLL_GITHUB_TOKEN%22&s=indexed&type=Code&o=desc,0
"""jwt_client_secret_key""",https://github.com/search?q=%22grammarly.com%22+%22jwt_client_secret_key%22&s=indexed&type=Code&o=desc,0
"""jwt_lookup_secert_key""",https://github.com/search?q=%22grammarly.com%22+%22jwt_lookup_secert_key%22&s=indexed&type=Code&o=desc,0
"""jwt_web_secert_key""",https://github.com/search?q=%22grammarly.com%22+%22jwt_web_secert_key%22&s=indexed&type=Code&o=desc,0
"""jwt_xmpp_secert_key""",https://github.com/search?q=%22grammarly.com%22+%22jwt_xmpp_secert_key%22&s=indexed&type=Code&o=desc,0
"""key""",https://github.com/search?q=%22grammarly.com%22+%22key%22&s=indexed&type=Code&o=desc,3566
"""ldap_username""",https://github.com/search?q=%22grammarly.com%22+%22ldap_username%22&s=indexed&type=Code&o=desc,0
"""ll_shared_key""",https://github.com/search?q=%22grammarly.com%22+%22ll_shared_key%22&s=indexed&type=Code&o=desc,0
"""login""",https://github.com/search?q=%22grammarly.com%22+%22login%22&s=indexed&type=Code&o=desc,2422
"""lottie_happo_api_key""",https://github.com/search?q=%22grammarly.com%22+%22lottie_happo_api_key%22&s=indexed&type=Code&o=desc,0
"""lottie_s3_api_key""",https://github.com/search?q=%22grammarly.com%22+%22lottie_s3_api_key%22&s=indexed&type=Code&o=desc,0
"""lottie_s3_secret_key""",https://github.com/search?q=%22grammarly.com%22+%22lottie_s3_secret_key%22&s=indexed&type=Code&o=desc,0
"""magento password""",https://github.com/search?q=%22grammarly.com%22+%22magento+password%22&s=indexed&type=Code&o=desc,0
"""mail_password""",https://github.com/search?q=%22grammarly.com%22+%22mail_password%22&s=indexed&type=Code&o=desc,4
"""mailchimp_api_key""",https://github.com/search?q=%22grammarly.com%22+%22mailchimp_api_key%22&s=indexed&type=Code&o=desc,1
"""mailchimp_key""",https://github.com/search?q=%22grammarly.com%22+%22mailchimp_key%22&s=indexed&type=Code&o=desc,0
"""mailchimp""",https://github.com/search?q=%22grammarly.com%22+%22mailchimp%22&s=indexed&type=Code&o=desc,1836
"""mailgun apikey""",https://github.com/search?q=%22grammarly.com%22+%22mailgun+apikey%22&s=indexed&type=Code&o=desc,0
"""mailgun_password""",https://github.com/search?q=%22grammarly.com%22+%22mailgun_password%22&s=indexed&type=Code&o=desc,0
"""mailgun_priv_key""",https://github.com/search?q=%22grammarly.com%22+%22mailgun_priv_key%22&s=indexed&type=Code&o=desc,0
"""mailgun_secret_api_key""",https://github.com/search?q=%22grammarly.com%22+%22mailgun_secret_api_key%22&s=indexed&type=Code&o=desc,0
"""mailgun""",https://github.com/search?q=%22grammarly.com%22+%22mailgun%22&s=indexed&type=Code&o=desc,157
"""manage_key""",https://github.com/search?q=%22grammarly.com%22+%22manage_key%22&s=indexed&type=Code&o=desc,0
"""mandrill_api_key""",https://github.com/search?q=%22grammarly.com%22+%22mandrill_api_key%22&s=indexed&type=Code&o=desc,0
"""mapbox api key""",https://github.com/search?q=%22grammarly.com%22+%22mapbox+api+key%22&s=indexed&type=Code&o=desc,0
"""master_key""",https://github.com/search?q=%22grammarly.com%22+%22master_key%22&s=indexed&type=Code&o=desc,8
"""mg_public_api_key""",https://github.com/search?q=%22grammarly.com%22+%22mg_public_api_key%22&s=indexed&type=Code&o=desc,0
"""mh_apikey""",https://github.com/search?q=%22grammarly.com%22+%22mh_apikey%22&s=indexed&type=Code&o=desc,0
"""mh_password""",https://github.com/search?q=%22grammarly.com%22+%22mh_password%22&s=indexed&type=Code&o=desc,0
"""mile_zero_key""",https://github.com/search?q=%22grammarly.com%22+%22mile_zero_key%22&s=indexed&type=Code&o=desc,0
"""minio_access_key""",https://github.com/search?q=%22grammarly.com%22+%22minio_access_key%22&s=indexed&type=Code&o=desc,0
"""minio_secret_key""",https://github.com/search?q=%22grammarly.com%22+%22minio_secret_key%22&s=indexed&type=Code&o=desc,0
"""mydotfiles""",https://github.com/search?q=%22grammarly.com%22+%22mydotfiles%22&s=indexed&type=Code&o=desc,0
"""mysql_root_password""",https://github.com/search?q=%22grammarly.com%22+%22mysql_root_password%22&s=indexed&type=Code&o=desc,3
"""mysql""",https://github.com/search?q=%22grammarly.com%22+%22mysql%22&s=indexed&type=Code&o=desc,1214
"""netlify_api_key""",https://github.com/search?q=%22grammarly.com%22+%22netlify_api_key%22&s=indexed&type=Code&o=desc,0
"""nexus_password""",https://github.com/search?q=%22grammarly.com%22+%22nexus_password%22&s=indexed&type=Code&o=desc,0
"""nexus password""",https://github.com/search?q=%22grammarly.com%22+%22nexus+password%22&s=indexed&type=Code&o=desc,0
"""node_env""",https://github.com/search?q=%22grammarly.com%22+%22node_env%22&s=indexed&type=Code&o=desc,8
"""node_pre_gyp_accesskeyid""",https://github.com/search?q=%22grammarly.com%22+%22node_pre_gyp_accesskeyid%22&s=indexed&type=Code&o=desc,0
"""npm_api_key""",https://github.com/search?q=%22grammarly.com%22+%22npm_api_key%22&s=indexed&type=Code&o=desc,0
"""npm_password""",https://github.com/search?q=%22grammarly.com%22+%22npm_password%22&s=indexed&type=Code&o=desc,0
"""npm_secret_key""",https://github.com/search?q=%22grammarly.com%22+%22npm_secret_key%22&s=indexed&type=Code&o=desc,0
"""nuget_api_key""",https://github.com/search?q=%22grammarly.com%22+%22nuget_api_key%22&s=indexed&type=Code&o=desc,0
"""nuget_apikey""",https://github.com/search?q=%22grammarly.com%22+%22nuget_apikey%22&s=indexed&type=Code&o=desc,0
"""nuget_apikey""",https://github.com/search?q=%22grammarly.com%22+%22nuget_apikey%22&s=indexed&type=Code&o=desc,0
"""nuget_key""",https://github.com/search?q=%22grammarly.com%22+%22nuget_key%22&s=indexed&type=Code&o=desc,0
"""oauth_token""",https://github.com/search?q=%22grammarly.com%22+%22oauth_token%22&s=indexed&type=Code&o=desc,9
"""octest_app_password""",https://github.com/search?q=%22grammarly.com%22+%22octest_app_password%22&s=indexed&type=Code&o=desc,0
"""octest_password""",https://github.com/search?q=%22grammarly.com%22+%22octest_password%22&s=indexed&type=Code&o=desc,0
"""okta_key""",https://github.com/search?q=%22grammarly.com%22+%22okta_key%22&s=indexed&type=Code&o=desc,0
"""omise_key""",https://github.com/search?q=%22grammarly.com%22+%22omise_key%22&s=indexed&type=Code&o=desc,0
"""onesignal_user_auth_key""",https://github.com/search?q=%22grammarly.com%22+%22onesignal_user_auth_key%22&s=indexed&type=Code&o=desc,0
"""openwhisk key""",https://github.com/search?q=%22grammarly.com%22+%22openwhisk+key%22&s=indexed&type=Code&o=desc,0
"""openwhisk_key""",https://github.com/search?q=%22grammarly.com%22+%22openwhisk_key%22&s=indexed&type=Code&o=desc,0
"""org_gradle_project_sonatype_nexus_password""",https://github.com/search?q=%22grammarly.com%22+%22org_gradle_project_sonatype_nexus_password%22&s=indexed&type=Code&o=desc,0
"""org_project_gradle_sonatype_nexus_password""",https://github.com/search?q=%22grammarly.com%22+%22org_project_gradle_sonatype_nexus_password%22&s=indexed&type=Code&o=desc,0
"""os_password""",https://github.com/search?q=%22grammarly.com%22+%22os_password%22&s=indexed&type=Code&o=desc,0
"""ossrh_jira_password""",https://github.com/search?q=%22grammarly.com%22+%22ossrh_jira_password%22&s=indexed&type=Code&o=desc,0
"""ossrh_pass""",https://github.com/search?q=%22grammarly.com%22+%22ossrh_pass%22&s=indexed&type=Code&o=desc,0
"""ossrh_password""",https://github.com/search?q=%22grammarly.com%22+%22ossrh_password%22&s=indexed&type=Code&o=desc,0
"""pagerduty_apikey""",https://github.com/search?q=%22grammarly.com%22+%22pagerduty_apikey%22&s=indexed&type=Code&o=desc,0
"""parse_js_key""",https://github.com/search?q=%22grammarly.com%22+%22parse_js_key%22&s=indexed&type=Code&o=desc,0
"""pass""",https://github.com/search?q=%22grammarly.com%22+%22pass%22&s=indexed&type=Code&o=desc,1192
"""passwd""",https://github.com/search?q=%22grammarly.com%22+%22passwd%22&s=indexed&type=Code&o=desc,10
"""passwords""",https://github.com/search?q=%22grammarly.com%22+%22passwords%22&s=indexed&type=Code&o=desc,281
"""password travis""",https://github.com/search?q=%22grammarly.com%22+%22password+travis%22&s=indexed&type=Code&o=desc,0
"""pem private""",https://github.com/search?q=%22grammarly.com%22+%22pem+private%22&s=indexed&type=Code&o=desc,0
"""personal_key""",https://github.com/search?q=%22grammarly.com%22+%22personal_key%22&s=indexed&type=Code&o=desc,5
"""plotly_apikey""",https://github.com/search?q=%22grammarly.com%22+%22plotly_apikey%22&s=indexed&type=Code&o=desc,0
"""plugin_password""",https://github.com/search?q=%22grammarly.com%22+%22plugin_password%22&s=indexed&type=Code&o=desc,0
"""postgres_env_postgres_password""",https://github.com/search?q=%22grammarly.com%22+%22postgres_env_postgres_password%22&s=indexed&type=Code&o=desc,0
"""private_key""",https://github.com/search?q=%22grammarly.com%22+%22private_key%22&s=indexed&type=Code&o=desc,86
"""private_signing_password""",https://github.com/search?q=%22grammarly.com%22+%22private_signing_password%22&s=indexed&type=Code&o=desc,0
"""prod_password""",https://github.com/search?q=%22grammarly.com%22+%22prod_password%22&s=indexed&type=Code&o=desc,0
"""prod.access.key.id""",https://github.com/search?q=%22grammarly.com%22+%22prod.access.key.id%22&s=indexed&type=Code&o=desc,0
"""prod.secret.key""",https://github.com/search?q=%22grammarly.com%22+%22prod.secret.key%22&s=indexed&type=Code&o=desc,0
"""prod""",https://github.com/search?q=%22grammarly.com%22+%22prod%22&s=indexed&type=Code&o=desc,1923
"""publish_key""",https://github.com/search?q=%22grammarly.com%22+%22publish_key%22&s=indexed&type=Code&o=desc,0
"""pwd""",https://github.com/search?q=%22grammarly.com%22+%22pwd%22&s=indexed&type=Code&o=desc,76
"""rabbitmq_password""",https://github.com/search?q=%22grammarly.com%22+%22rabbitmq_password%22&s=indexed&type=Code&o=desc,0
"""rds.amazonaws.com password""",https://github.com/search?q=%22grammarly.com%22+%22rds.amazonaws.com+password%22&s=indexed&type=Code&o=desc,0
"""redis_password""",https://github.com/search?q=%22grammarly.com%22+%22redis_password%22&s=indexed&type=Code&o=desc,0
"""rest_api_key""",https://github.com/search?q=%22grammarly.com%22+%22rest_api_key%22&s=indexed&type=Code&o=desc,0
"""rinkeby_private_key""",https://github.com/search?q=%22grammarly.com%22+%22rinkeby_private_key%22&s=indexed&type=Code&o=desc,0
"""ropsten_private_key""",https://github.com/search?q=%22grammarly.com%22+%22ropsten_private_key%22&s=indexed&type=Code&o=desc,0
"""route53_access_key_id""",https://github.com/search?q=%22grammarly.com%22+%22route53_access_key_id%22&s=indexed&type=Code&o=desc,0
"""rtd_key_pass""",https://github.com/search?q=%22grammarly.com%22+%22rtd_key_pass%22&s=indexed&type=Code&o=desc,0
"""rtd_store_pass""",https://github.com/search?q=%22grammarly.com%22+%22rtd_store_pass%22&s=indexed&type=Code&o=desc,0
"""s3_access_key""",https://github.com/search?q=%22grammarly.com%22+%22s3_access_key%22&s=indexed&type=Code&o=desc,0
"""s3_key_app_logs""",https://github.com/search?q=%22grammarly.com%22+%22s3_key_app_logs%22&s=indexed&type=Code&o=desc,0
"""s3_key_assets""",https://github.com/search?q=%22grammarly.com%22+%22s3_key_assets%22&s=indexed&type=Code&o=desc,0
"""s3_key""",https://github.com/search?q=%22grammarly.com%22+%22s3_key%22&s=indexed&type=Code&o=desc,0
"""sandbox_aws_access_key_id""",https://github.com/search?q=%22grammarly.com%22+%22sandbox_aws_access_key_id%22&s=indexed&type=Code&o=desc,0
"""sandbox_aws_secret_access_key""",https://github.com/search?q=%22grammarly.com%22+%22sandbox_aws_secret_access_key%22&s=indexed&type=Code&o=desc,0
"""secret_access_key""",https://github.com/search?q=%22grammarly.com%22+%22secret_access_key%22&s=indexed&type=Code&o=desc,4
"""secret_key_base""",https://github.com/search?q=%22grammarly.com%22+%22secret_key_base%22&s=indexed&type=Code&o=desc,0
"""secret_key""",https://github.com/search?q=%22grammarly.com%22+%22secret_key%22&s=indexed&type=Code&o=desc,15
"""secret_token""",https://github.com/search?q=%22grammarly.com%22+%22secret_token%22&s=indexed&type=Code&o=desc,4
"""secret""",https://github.com/search?q=%22grammarly.com%22+%22secret%22&s=indexed&type=Code&o=desc,618
"""secretaccesskey""",https://github.com/search?q=%22grammarly.com%22+%22secretaccesskey%22&s=indexed&type=Code&o=desc,0
"""secretkey""",https://github.com/search?q=%22grammarly.com%22+%22secretkey%22&s=indexed&type=Code&o=desc,0
"""secrets""",https://github.com/search?q=%22grammarly.com%22+%22secrets%22&s=indexed&type=Code&o=desc,287
"""secure""",https://github.com/search?q=%22grammarly.com%22+%22secure%22&s=indexed&type=Code&o=desc,2916
"""security_credentials""",https://github.com/search?q=%22grammarly.com%22+%22security_credentials%22&s=indexed&type=Code&o=desc,3
"""send_keys""",https://github.com/search?q=%22grammarly.com%22+%22send_keys%22&s=indexed&type=Code&o=desc,17
"""send.keys""",https://github.com/search?q=%22grammarly.com%22+%22send.keys%22&s=indexed&type=Code&o=desc,17
"""sendgrid_api_key""",https://github.com/search?q=%22grammarly.com%22+%22sendgrid_api_key%22&s=indexed&type=Code&o=desc,0
"""sendgrid_key""",https://github.com/search?q=%22grammarly.com%22+%22sendgrid_key%22&s=indexed&type=Code&o=desc,0
"""sendgrid_password""",https://github.com/search?q=%22grammarly.com%22+%22sendgrid_password%22&s=indexed&type=Code&o=desc,0
"""sendkeys""",https://github.com/search?q=%22grammarly.com%22+%22sendkeys%22&s=indexed&type=Code&o=desc,8
"""ses_access_key""",https://github.com/search?q=%22grammarly.com%22+%22ses_access_key%22&s=indexed&type=Code&o=desc,0
"""ses_secret_key""",https://github.com/search?q=%22grammarly.com%22+%22ses_secret_key%22&s=indexed&type=Code&o=desc,0
"""setdstaccesskey""",https://github.com/search?q=%22grammarly.com%22+%22setdstaccesskey%22&s=indexed&type=Code&o=desc,0
"""setsecretkey""",https://github.com/search?q=%22grammarly.com%22+%22setsecretkey%22&s=indexed&type=Code&o=desc,0
"""SF_USERNAME salesforce""",https://github.com/search?q=%22grammarly.com%22+%22SF_USERNAME+salesforce%22&s=indexed&type=Code&o=desc,0
"""signing_key_password""",https://github.com/search?q=%22grammarly.com%22+%22signing_key_password%22&s=indexed&type=Code&o=desc,0
"""signing_key_secret""",https://github.com/search?q=%22grammarly.com%22+%22signing_key_secret%22&s=indexed&type=Code&o=desc,0
"""slack_api""",https://github.com/search?q=%22grammarly.com%22+%22slack_api%22&s=indexed&type=Code&o=desc,1
"""slack_token""",https://github.com/search?q=%22grammarly.com%22+%22slack_token%22&s=indexed&type=Code&o=desc,0
"""slash_developer_space_key""",https://github.com/search?q=%22grammarly.com%22+%22slash_developer_space_key%22&s=indexed&type=Code&o=desc,0
"""snoowrap_password""",https://github.com/search?q=%22grammarly.com%22+%22snoowrap_password%22&s=indexed&type=Code&o=desc,0
"""socrata_password""",https://github.com/search?q=%22grammarly.com%22+%22socrata_password%22&s=indexed&type=Code&o=desc,0
"""sonar_organization_key""",https://github.com/search?q=%22grammarly.com%22+%22sonar_organization_key%22&s=indexed&type=Code&o=desc,0
"""sonar_project_key""",https://github.com/search?q=%22grammarly.com%22+%22sonar_project_key%22&s=indexed&type=Code&o=desc,0
"""sonatype_token_password""",https://github.com/search?q=%22grammarly.com%22+%22sonatype_token_password%22&s=indexed&type=Code&o=desc,0
"""soundcloud_password""",https://github.com/search?q=%22grammarly.com%22+%22soundcloud_password%22&s=indexed&type=Code&o=desc,0
"""sqsaccesskey""",https://github.com/search?q=%22grammarly.com%22+%22sqsaccesskey%22&s=indexed&type=Code&o=desc,0
"""ssh2_auth_password""",https://github.com/search?q=%22grammarly.com%22+%22ssh2_auth_password%22&s=indexed&type=Code&o=desc,0
"""sshpass""",https://github.com/search?q=%22grammarly.com%22+%22sshpass%22&s=indexed&type=Code&o=desc,0
"""staging""",https://github.com/search?q=%22grammarly.com%22+%22staging%22&s=indexed&type=Code&o=desc,366
"""stg""",https://github.com/search?q=%22grammarly.com%22+%22stg%22&s=indexed&type=Code&o=desc,308
"""storePassword""",https://github.com/search?q=%22grammarly.com%22+%22storePassword%22&s=indexed&type=Code&o=desc,5
"""stormpath_api_key_id""",https://github.com/search?q=%22grammarly.com%22+%22stormpath_api_key_id%22&s=indexed&type=Code&o=desc,0
"""stormpath_api_key_secret""",https://github.com/search?q=%22grammarly.com%22+%22stormpath_api_key_secret%22&s=indexed&type=Code&o=desc,0
"""strip_secret_key""",https://github.com/search?q=%22grammarly.com%22+%22strip_secret_key%22&s=indexed&type=Code&o=desc,0
"""stripe""",https://github.com/search?q=%22grammarly.com%22+%22stripe%22&s=indexed&type=Code&o=desc,1344
"""svn_pass""",https://github.com/search?q=%22grammarly.com%22+%22svn_pass%22&s=indexed&type=Code&o=desc,0
"""tester_keys_password""",https://github.com/search?q=%22grammarly.com%22+%22tester_keys_password%22&s=indexed&type=Code&o=desc,0
"""testuser""",https://github.com/search?q=%22grammarly.com%22+%22testuser%22&s=indexed&type=Code&o=desc,1
"""thera_oss_access_key""",https://github.com/search?q=%22grammarly.com%22+%22thera_oss_access_key%22&s=indexed&type=Code&o=desc,0
"""token""",https://github.com/search?q=%22grammarly.com%22+%22token%22&s=indexed&type=Code&o=desc,1539
"""twine_password""",https://github.com/search?q=%22grammarly.com%22+%22twine_password%22&s=indexed&type=Code&o=desc,0
"""x-api-key""",https://github.com/search?q=%22grammarly.com%22+%22x-api-key%22&s=indexed&type=Code&o=desc,3
"""xoxp""",https://github.com/search?q=%22grammarly.com%22+%22xoxp%22&s=indexed&type=Code&o=desc,0
HEROKU_API_KEY language:json,https://github.com/search?q=%22grammarly.com%22+HEROKU_API_KEY+language%3Ajson&s=indexed&type=Code&o=desc,155
HEROKU_API_KEY language:shell,https://github.com/search?q=%22grammarly.com%22+HEROKU_API_KEY+language%3Ashell&s=indexed&type=Code&o=desc,0
HOMEBREW_GITHUB_API_TOKEN language:shell,https://github.com/search?q=%22grammarly.com%22+HOMEBREW_GITHUB_API_TOKEN+language%3Ashell&s=indexed&type=Code&o=desc,0
PT_TOKEN language:bash,https://github.com/search?q=%22grammarly.com%22+PT_TOKEN+language%3Abash&s=indexed&type=Code&o=desc,0
[WFClient] Password extension:ica,https://github.com/search?q=%22grammarly.com%22+[WFClient]+Password+extension%3Aica&s=indexed&type=Code&o=desc,0
"extension:avastlic ""support.avast.com""",https://github.com/search?q=%22grammarly.com%22+extension%3Aavastlic+%22support.avast.com%22&s=indexed&type=Code&o=desc,0
extension:bat,https://github.com/search?q=%22grammarly.com%22+extension%3Abat&s=indexed&type=Code&o=desc,0
extension:cfg,https://github.com/search?q=%22grammarly.com%22+extension%3Acfg&s=indexed&type=Code&o=desc,1
extension:env,https://github.com/search?q=%22grammarly.com%22+extension%3Aenv&s=indexed&type=Code&o=desc,0
extension:exs,https://github.com/search?q=%22grammarly.com%22+extension%3Aexs&s=indexed&type=Code&o=desc,1
extension:ini,https://github.com/search?q=%22grammarly.com%22+extension%3Aini&s=indexed&type=Code&o=desc,21
extension:json api.forecast.io,https://github.com/search?q=%22grammarly.com%22+extension%3Ajson+api.forecast.io&s=indexed&type=Code&o=desc,80
extension:json googleusercontent client_secret,https://github.com/search?q=%22grammarly.com%22+extension%3Ajson+googleusercontent+client_secret&s=indexed&type=Code&o=desc,4
extension:json mongolab.com,https://github.com/search?q=%22grammarly.com%22+extension%3Ajson+mongolab.com&s=indexed&type=Code&o=desc,0
extension:pem,https://github.com/search?q=%22grammarly.com%22+extension%3Apem&s=indexed&type=Code&o=desc,0
extension:pem private,https://github.com/search?q=%22grammarly.com%22+extension%3Apem+private&s=indexed&type=Code&o=desc,0
extension:ppk,https://github.com/search?q=%22grammarly.com%22+extension%3Appk&s=indexed&type=Code&o=desc,0
extension:ppk private,https://github.com/search?q=%22grammarly.com%22+extension%3Appk+private&s=indexed&type=Code&o=desc,0
extension:properties,https://github.com/search?q=%22grammarly.com%22+extension%3Aproperties&s=indexed&type=Code&o=desc,0
extension:sh,https://github.com/search?q=%22grammarly.com%22+extension%3Ash&s=indexed&type=Code&o=desc,5
extension:sls,https://github.com/search?q=%22grammarly.com%22+extension%3Asls&s=indexed&type=Code&o=desc,0
extension:sql mysql dump,https://github.com/search?q=%22grammarly.com%22+extension%3Asql+mysql+dump&s=indexed&type=Code&o=desc,2
extension:yaml mongolab.com,https://github.com/search?q=%22grammarly.com%22+extension%3Ayaml+mongolab.com&s=indexed&type=Code&o=desc,0
extension:zsh,https://github.com/search?q=%22grammarly.com%22+extension%3Azsh&s=indexed&type=Code&o=desc,0
filename:.bash_history,https://github.com/search?q=%22grammarly.com%22+filename%3A.bash_history&s=indexed&type=Code&o=desc,0
filename:.bashrc mailchimp,https://github.com/search?q=%22grammarly.com%22+filename%3A.bashrc+mailchimp&s=indexed&type=Code&o=desc,0
filename:.bashrc password,https://github.com/search?q=%22grammarly.com%22+filename%3A.bashrc+password&s=indexed&type=Code&o=desc,0
filename:.cshrc,https://github.com/search?q=%22grammarly.com%22+filename%3A.cshrc&s=indexed&type=Code&o=desc,0
filename:.dockercfg auth,https://github.com/search?q=%22grammarly.com%22+filename%3A.dockercfg+auth&s=indexed&type=Code&o=desc,0
filename:.env DB_USERNAME NOT homestead,https://github.com/search?q=%22grammarly.com%22+filename%3A.env+DB_USERNAME+NOT+homestead&s=indexed&type=Code&o=desc,0
filename:.env MAIL_HOSTsmtp.gmail.com,https://github.com/search?q=%22grammarly.com%22+filename%3A.env+MAIL_HOSTsmtp.gmail.com&s=indexed&type=Code&o=desc,0
filename:.esmtprc password,https://github.com/search?q=%22grammarly.com%22+filename%3A.esmtprc+password&s=indexed&type=Code&o=desc,0
filename:.ftpconfig,https://github.com/search?q=%22grammarly.com%22+filename%3A.ftpconfig&s=indexed&type=Code&o=desc,0
filename:.git-credentials,https://github.com/search?q=%22grammarly.com%22+filename%3A.git-credentials&s=indexed&type=Code&o=desc,0
filename:.htpasswd,https://github.com/search?q=%22grammarly.com%22+filename%3A.htpasswd&s=indexed&type=Code&o=desc,0
filename:.netrc password,https://github.com/search?q=%22grammarly.com%22+filename%3A.netrc+password&s=indexed&type=Code&o=desc,0
filename:.npmrc _auth,https://github.com/search?q=%22grammarly.com%22+filename%3A.npmrc+_auth&s=indexed&type=Code&o=desc,0
filename:.remote-sync.json,https://github.com/search?q=%22grammarly.com%22+filename%3A.remote-sync.json&s=indexed&type=Code&o=desc,0
filename:.s3cfg,https://github.com/search?q=%22grammarly.com%22+filename%3A.s3cfg&s=indexed&type=Code&o=desc,0
filename:.sh_history,https://github.com/search?q=%22grammarly.com%22+filename%3A.sh_history&s=indexed&type=Code&o=desc,0
filename:CCCam.cfg,https://github.com/search?q=%22grammarly.com%22+filename%3ACCCam.cfg&s=indexed&type=Code&o=desc,0
filename:_netrc password,https://github.com/search?q=%22grammarly.com%22+filename%3A_netrc+password&s=indexed&type=Code&o=desc,0
filename:bash_profile,https://github.com/search?q=%22grammarly.com%22+filename%3Abash_profile&s=indexed&type=Code&o=desc,0
filename:beanstalkd.yml,https://github.com/search?q=%22grammarly.com%22+filename%3Abeanstalkd.yml&s=indexed&type=Code&o=desc,0
filename:composer.json,https://github.com/search?q=%22grammarly.com%22+filename%3Acomposer.json&s=indexed&type=Code&o=desc,0
filename:config,https://github.com/search?q=%22grammarly.com%22+filename%3Aconfig&s=indexed&type=Code&o=desc,49
filename:config irc_pass,https://github.com/search?q=%22grammarly.com%22+filename%3Aconfig+irc_pass&s=indexed&type=Code&o=desc,0
filename:config.json auths,https://github.com/search?q=%22grammarly.com%22+filename%3Aconfig.json+auths&s=indexed&type=Code&o=desc,0
filename:configuration.php JConfig password,https://github.com/search?q=%22grammarly.com%22+filename%3Aconfiguration.php+JConfig+password&s=indexed&type=Code&o=desc,0
filename:connections,https://github.com/search?q=%22grammarly.com%22+filename%3Aconnections&s=indexed&type=Code&o=desc,0
filename:connections.xml,https://github.com/search?q=%22grammarly.com%22+filename%3Aconnections.xml&s=indexed&type=Code&o=desc,0
filename:constants,https://github.com/search?q=%22grammarly.com%22+filename%3Aconstants&s=indexed&type=Code&o=desc,2
filename:credentials,https://github.com/search?q=%22grammarly.com%22+filename%3Acredentials&s=indexed&type=Code&o=desc,2
filename:credentials aws_access_key_id,https://github.com/search?q=%22grammarly.com%22+filename%3Acredentials+aws_access_key_id&s=indexed&type=Code&o=desc,0
filename:cshrc,https://github.com/search?q=%22grammarly.com%22+filename%3Acshrc&s=indexed&type=Code&o=desc,0
filename:dbeaver-data-sources.xml,https://github.com/search?q=%22grammarly.com%22+filename%3Adbeaver-data-sources.xml&s=indexed&type=Code&o=desc,0
filename:deploy.rake,https://github.com/search?q=%22grammarly.com%22+filename%3Adeploy.rake&s=indexed&type=Code&o=desc,0
filename:deployment-config.json,https://github.com/search?q=%22grammarly.com%22+filename%3Adeployment-config.json&s=indexed&type=Code&o=desc,0
filename:dhcpd.conf,https://github.com/search?q=%22grammarly.com%22+filename%3Adhcpd.conf&s=indexed&type=Code&o=desc,0
filename:dockercfg,https://github.com/search?q=%22grammarly.com%22+filename%3Adockercfg&s=indexed&type=Code&o=desc,0
filename:environment,https://github.com/search?q=%22grammarly.com%22+filename%3Aenvironment&s=indexed&type=Code&o=desc,1
filename:express.conf,https://github.com/search?q=%22grammarly.com%22+filename%3Aexpress.conf&s=indexed&type=Code&o=desc,0
filename:express.conf path:.openshift,https://github.com/search?q=%22grammarly.com%22+filename%3Aexpress.conf+path%3A.openshift&s=indexed&type=Code&o=desc,0
filename:filezilla.xml,https://github.com/search?q=%22grammarly.com%22+filename%3Afilezilla.xml&s=indexed&type=Code&o=desc,0
filename:filezilla.xml Pass,https://github.com/search?q=%22grammarly.com%22+filename%3Afilezilla.xml+Pass&s=indexed&type=Code&o=desc,0
filename:git-credentials,https://github.com/search?q=%22grammarly.com%22+filename%3Agit-credentials&s=indexed&type=Code&o=desc,0
filename:gitconfig,https://github.com/search?q=%22grammarly.com%22+filename%3Agitconfig&s=indexed&type=Code&o=desc,0
filename:global,https://github.com/search?q=%22grammarly.com%22+filename%3Aglobal&s=indexed&type=Code&o=desc,5
filename:history,https://github.com/search?q=%22grammarly.com%22+filename%3Ahistory&s=indexed&type=Code&o=desc,11
filename:htpasswd,https://github.com/search?q=%22grammarly.com%22+filename%3Ahtpasswd&s=indexed&type=Code&o=desc,0
filename:hub oauth_token,https://github.com/search?q=%22grammarly.com%22+filename%3Ahub+oauth_token&s=indexed&type=Code&o=desc,0
filename:id_dsa,https://github.com/search?q=%22grammarly.com%22+filename%3Aid_dsa&s=indexed&type=Code&o=desc,0
filename:id_rsa,https://github.com/search?q=%22grammarly.com%22+filename%3Aid_rsa&s=indexed&type=Code&o=desc,0
filename:id_rsa or filename:id_dsa,https://github.com/search?q=%22grammarly.com%22+filename%3Aid_rsa+or+filename%3Aid_dsa&s=indexed&type=Code&o=desc,0
filename:idea14.key,https://github.com/search?q=%22grammarly.com%22+filename%3Aidea14.key&s=indexed&type=Code&o=desc,0
filename:known_hosts,https://github.com/search?q=%22grammarly.com%22+filename%3Aknown_hosts&s=indexed&type=Code&o=desc,0
filename:makefile,https://github.com/search?q=%22grammarly.com%22+filename%3Amakefile&s=indexed&type=Code&o=desc,1
filename:netrc,https://github.com/search?q=%22grammarly.com%22+filename%3Anetrc&s=indexed&type=Code&o=desc,0
filename:npmrc,https://github.com/search?q=%22grammarly.com%22+filename%3Anpmrc&s=indexed&type=Code&o=desc,0
filename:pass,https://github.com/search?q=%22grammarly.com%22+filename%3Apass&s=indexed&type=Code&o=desc,0
filename:passwd path:etc,https://github.com/search?q=%22grammarly.com%22+filename%3Apasswd+path%3Aetc&s=indexed&type=Code&o=desc,0
filename:pgpass,https://github.com/search?q=%22grammarly.com%22+filename%3Apgpass&s=indexed&type=Code&o=desc,0
filename:prod.exs,https://github.com/search?q=%22grammarly.com%22+filename%3Aprod.exs&s=indexed&type=Code&o=desc,0
filename:prod.exs NOT prod.secret.exs,https://github.com/search?q=%22grammarly.com%22+filename%3Aprod.exs+NOT+prod.secret.exs&s=indexed&type=Code&o=desc,0
filename:prod.secret.exs,https://github.com/search?q=%22grammarly.com%22+filename%3Aprod.secret.exs&s=indexed&type=Code&o=desc,0
filename:proftpdpasswd,https://github.com/search?q=%22grammarly.com%22+filename%3Aproftpdpasswd&s=indexed&type=Code&o=desc,0
filename:recentservers.xml,https://github.com/search?q=%22grammarly.com%22+filename%3Arecentservers.xml&s=indexed&type=Code&o=desc,0
filename:recentservers.xml Pass,https://github.com/search?q=%22grammarly.com%22+filename%3Arecentservers.xml+Pass&s=indexed&type=Code&o=desc,0
filename:robomongo.json,https://github.com/search?q=%22grammarly.com%22+filename%3Arobomongo.json&s=indexed&type=Code&o=desc,0
filename:s3cfg,https://github.com/search?q=%22grammarly.com%22+filename%3As3cfg&s=indexed&type=Code&o=desc,0
filename:secrets.yml password,https://github.com/search?q=%22grammarly.com%22+filename%3Asecrets.yml+password&s=indexed&type=Code&o=desc,0
filename:server.cfg,https://github.com/search?q=%22grammarly.com%22+filename%3Aserver.cfg&s=indexed&type=Code&o=desc,0
filename:server.cfg rcon password,https://github.com/search?q=%22grammarly.com%22+filename%3Aserver.cfg+rcon+password&s=indexed&type=Code&o=desc,0
filename:settings.py SECRET_KEY,https://github.com/search?q=%22grammarly.com%22+filename%3Asettings.py+SECRET_KEY&s=indexed&type=Code&o=desc,0
filename:sftp-config.json,https://github.com/search?q=%22grammarly.com%22+filename%3Asftp-config.json&s=indexed&type=Code&o=desc,0
filename:sftp.json path:.vscode,https://github.com/search?q=%22grammarly.com%22+filename%3Asftp.json+path%3A.vscode&s=indexed&type=Code&o=desc,0
filename:shadow path:etc,https://github.com/search?q=%22grammarly.com%22+filename%3Ashadow+path%3Aetc&s=indexed&type=Code&o=desc,0
filename:spec,https://github.com/search?q=%22grammarly.com%22+filename%3Aspec&s=indexed&type=Code&o=desc,1
filename:sshd_config,https://github.com/search?q=%22grammarly.com%22+filename%3Asshd_config&s=indexed&type=Code&o=desc,0
filename:tugboat,https://github.com/search?q=%22grammarly.com%22+filename%3Atugboat&s=indexed&type=Code&o=desc,0
filename:wp-config,https://github.com/search?q=%22grammarly.com%22+filename%3Awp-config&s=indexed&type=Code&o=desc,0
jsforce extension:js conn.login,https://github.com/search?q=%22grammarly.com%22+jsforce+extension%3Ajs+conn.login&s=indexed&type=Code&o=desc,0
language:yaml -filename:travis,https://github.com/search?q=%22grammarly.com%22+language%3Ayaml+-filename%3Atravis&s=indexed&type=Code&o=desc,71
msg nickserv identify filename:config,https://github.com/search?q=%22grammarly.com%22+msg+nickserv+identify+filename%3Aconfig&s=indexed&type=Code&o=desc,0
path:sites databases password,https://github.com/search?q=%22grammarly.com%22+path%3Asites+databases+password&s=indexed&type=Code&o=desc,0
private -language:java,https://github.com/search?q=%22grammarly.com%22+private+-language%3Ajava&s=indexed&type=Code&o=desc,983
